filename,label,total_edge_pixels,white_pixel_count,white_pixel_upper_ratio,white_column_peaks,num_defects,extent,hu_moment_1
1000.jpg,0,0.04878048780487809,0.06122448979591866,0.45055358615977115,0.0,0.2857142857142857,0.06176826806620994,0.4198956349995697
1001.jpg,0,0.09756097560975618,0.03401360544217713,0.3960725165742507,0.0,0.4285714285714286,0.03270084779975857,0.42671278637784127
1002.jpg,0,0.07317073170731714,0.06802721088435382,0.4603285768708001,0.0,0.5714285714285714,0.06903512313282256,0.40631817577360607
1003.jpg,0,0.04878048780487809,0.047619047619047894,0.4758841920383241,0.0,0.5714285714285714,0.047234557932984256,0.3516651789620937
1004.jpg,0,0.0,0.006802721088435604,0.4468825916396617,0.0,0.2857142857142857,0.0,0.3792877486082773
1005.jpg,0,0.0,0.08843537414965974,0.5191371231225634,0.0,0.7142857142857142,0.08720226079935411,0.37831453325281217
1006.jpg,0,0.024390243902439046,0.10884353741496655,0.5330523064648238,0.0,0.7142857142857142,0.10900282599919286,0.4414752999314473
1007.jpg,0,0.024390243902439046,0.10884353741496655,0.547818418284848,0.0,0.4285714285714286,0.10900282599919286,0.4038440013205502
1008.jpg,0,0.0,0.06122448979591866,0.5850360755513617,0.0,0.2857142857142857,0.2595032190893063,0.32066009062800305
1009.jpg,0,0.024390243902439046,0.04081632653061229,0.6012600922818505,0.0,0.7142857142857142,0.036334275333064436,0.3451947081819142
1010.jpg,0,0.04878048780487809,0.08163265306122502,0.5095117648705902,0.0,0.5714285714285714,0.0799354057327415,0.3949680993777491
1011.jpg,0,0.07317073170731714,0.1496598639455784,0.5750827249174821,0.0,0.5714285714285714,0.15623738393217668,0.5435031721914143
1012.jpg,0,0.09756097560975618,0.08843537414965974,0.41524876691082957,0.0,0.5714285714285714,0.09083568833266131,0.495675767423684
1013.jpg,0,0.04878048780487809,0.09523809523809534,0.4102012543175113,0.0,0.2857142857142857,0.09810254339927393,0.5053670251428457
1014.jpg,0,0.09756097560975618,0.12244897959183687,0.4490467795559434,0.0,0.4285714285714286,0.1271699636657253,0.3749628688052695
1015.jpg,0,0.04878048780487809,0.03401360544217713,0.4111177129819392,0.0,0.4285714285714286,0.03270084779975857,0.40286401987734166
1016.jpg,0,0.09756097560975618,0.06802721088435382,0.4603285768708001,0.0,0.4285714285714286,0.06903512313282256,0.43093085922465946
1017.jpg,0,0.12195121951219523,0.08843537414965974,0.40040757316629616,0.0,0.4285714285714286,0.09083568833266131,0.46210263865516765
1018.jpg,0,0.09756097560975618,0.06802721088435382,0.40066040440555595,0.0,0.4285714285714286,0.06903512313282256,0.4985940193885483
1019.jpg,0,0.07317073170731714,0.047619047619047894,0.40091583322604096,0.0,0.2857142857142857,0.04360113039967706,0.4294885545444984
1020.jpg,0,0.09756097560975618,0.11564625850340127,0.4393844456266871,0.0,0.4285714285714286,0.11263625353249962,0.4842153977785486
1021.jpg,0,0.09756097560975618,0.1428571428571428,0.3899839922754871,0.0,0.2857142857142857,0.14533710133225686,0.5449874390662259
1022.jpg,0,0.09756097560975618,0.156462585034014,0.38012460838210016,0.0,0.4285714285714286,0.15623738393217668,0.47725203027056295
1023.jpg,0,0.09756097560975618,0.08843537414965974,0.3558839919326964,0.0,0.2857142857142857,0.08356883326604825,0.3680113958947757
1024.jpg,0,0.09756097560975618,0.156462585034014,0.3509369273511851,0.0,0.2857142857142857,0.15987081146548254,0.5700525907952994
1025.jpg,0,0.09756097560975618,0.19047619047619024,0.3991810282287309,0.0,0.2857142857142857,0.1925716592652411,0.5690541737827246
1026.jpg,0,0.09756097560975618,0.156462585034014,0.39471844889755836,0.0,0.5714285714285714,0.15987081146548254,0.48632375579463627
1027.jpg,0,0.09756097560975618,0.21768707482993177,0.3653150953467095,0.0,0.2857142857142857,0.2289059345983051,0.6061060114507058
1028.jpg,0,0.07317073170731714,0.20408163265306145,0.4182561257750428,0.0,0.2857142857142857,0.2071053693984668,0.5153427149993988
1029.jpg,0,0.04878048780487809,0.22448979591836737,0.40357045052168816,0.0,0.4285714285714286,0.22527250706499835,0.5557860971457913
1030.jpg,0,0.07317073170731714,0.17687074829931992,0.43806433341361917,0.0,0.4285714285714286,0.17803794913201543,0.4224644726963831
1031.jpg,0,0.04878048780487809,0.31972789115646316,0.4631972390085526,0.0,0.2857142857142857,0.3270084779975786,0.6235345388623088
1032.jpg,0,0.04878048780487809,0.2517006802721089,0.45551819488866707,0.0,0.5714285714285714,0.26160678239806234,0.5315808630583163
1033.jpg,0,0.07317073170731714,0.28571428571428603,0.4452428434446123,0.0,0.4285714285714286,0.2943076301978209,0.5377960552975338
1034.jpg,0,0.12195121951219523,0.23809523809523858,0.46539842159006994,0.0,0.5714285714285714,0.2434396447315308,0.5461900644672539
1035.jpg,0,0.04878048780487809,0.28571428571428603,0.5301181679286957,0.0,0.4285714285714286,0.2906742026645137,0.5715376152338152
1036.jpg,0,0.07317073170731714,0.2721088435374148,0.4408179548369864,0.0,0.4285714285714286,0.2797739200645948,0.566540368628111
1037.jpg,0,0.04878048780487809,0.23809523809523858,0.43678304803034873,0.0,0.4285714285714286,0.2434396447315308,0.5099725840359923
1038.jpg,0,0.09756097560975618,0.2585034013605445,0.40788850009443456,0.0,0.4285714285714286,0.26160678239806234,0.5451507707217615
1039.jpg,0,0.07317073170731714,0.2585034013605445,0.4221263932802475,0.0,0.4285714285714286,0.26524020993136954,0.544282204982089
1040.jpg,0,0.07317073170731714,0.30612244897959195,0.416632672436847,0.0,0.4285714285714286,0.31610819539765966,0.5863949440358596
1041.jpg,0,0.07317073170731714,0.31972789115646316,0.40706708317986884,0.0,0.2857142857142857,0.330641905530884,0.6561384506606416
1042.jpg,0,0.07317073170731714,0.2653061224489801,0.4172725660578114,0.0,0.2857142857142857,0.26887363746467496,0.5208292364920624
1043.jpg,0,0.04878048780487809,0.3333333333333335,0.4115503224633099,0.0,0.2857142857142857,0.34517561566411015,0.5870301541791818
1044.jpg,0,0.07317073170731714,0.2585034013605445,0.32246114097956013,0.0,0.4285714285714286,0.26524020993136954,0.588125889413746
1045.jpg,0,0.07317073170731714,0.29931972789115635,0.40733824335295443,0.0,0.4285714285714286,0.30884134033104615,0.6227022310859027
1046.jpg,0,0.09756097560975618,0.2653061224489801,0.3461986674435691,0.0,0.2857142857142857,0.2797739200645948,0.647830215351469
1047.jpg,0,0.07317073170731714,0.23809523809523858,0.3223215537914639,0.0,0.4285714285714286,0.2470730722648371,0.6293022121329059
1048.jpg,0,0.14634146341463428,0.2721088435374148,0.35566750774517475,0.0,0.1428571428571428,0.2834073475979011,0.6208810722106008
1049.jpg,0,0.09756097560975618,0.2585034013605445,0.3651748205369971,0.0,0.2857142857142857,0.26887363746467496,0.6106301257066278
1050.jpg,0,0.07317073170731714,0.21088435374149705,0.3845411653801998,0.0,0.2857142857142857,0.21437222446507942,0.5709007634328032
1051.jpg,0,0.024390243902439046,0.2585034013605445,0.3794127137228096,0.0,0.5714285714285714,0.26524020993136954,0.5621381849798297
1052.jpg,0,0.09756097560975618,0.19047619047619024,0.3557613374389401,0.0,0.2857142857142857,0.1925716592652411,0.5842364915027858
1053.jpg,0,0.09756097560975618,0.19727891156462585,0.3220382332611691,0.0,0.4285714285714286,0.2071053693984668,0.5986730594669254
1054.jpg,0,0.12195121951219523,0.21768707482993177,0.30780242336461017,0.0,0.4285714285714286,0.2289059345983051,0.5862611860299936
1055.jpg,0,0.09756097560975618,0.21088435374149705,0.3557375327839014,0.0,0.4285714285714286,0.21800565199838529,0.5824048949356992
1056.jpg,0,0.09756097560975618,0.23809523809523858,0.3938599876907669,0.0,0.4285714285714286,0.2470730722648371,0.5931821272344564
1057.jpg,0,0.09756097560975618,0.29251700680272164,0.3980138322397586,0.0,0.4285714285714286,0.30520791279773984,0.6830993914378212
1058.jpg,0,0.09756097560975618,0.2721088435374148,0.4124344724730493,0.0,0.4285714285714286,0.2870407751312083,0.6065748759477145
1059.jpg,0,0.09756097560975618,0.2653061224489801,0.374628226889266,0.0,0.2857142857142857,0.2761404925312885,0.6996466322325858
1060.jpg,0,0.07317073170731714,0.31292517006802756,0.3696770114801833,0.0,0.4285714285714286,0.3197416229309651,0.6287089641693626
1061.jpg,0,0.07317073170731714,0.31972789115646316,0.40706708317986884,0.0,0.4285714285714286,0.3342753330641912,0.6415486215329835
1062.jpg,0,0.07317073170731714,0.30612244897959195,0.3040113951471408,0.0,0.4285714285714286,0.3197416229309651,0.6870437030802066
1063.jpg,0,0.0,0.3333333333333335,0.39756261589897335,0.0,0.1428571428571428,0.34154218813080384,0.6146021292911499
1064.jpg,0,0.09756097560975618,0.3673469387755106,0.31855756646110445,0.0,0.1428571428571428,0.38514331853048134,0.6899432875728806
1065.jpg,0,0.12195121951219523,0.3673469387755106,0.31855756646110445,0.0,0.2857142857142857,0.38514331853048134,0.6972077951670244
1066.jpg,0,0.07317073170731714,0.4489795918367352,0.3463976301457552,0.0,1.0,0.08026571732667875,0.7547342288938523
1067.jpg,0,0.09756097560975618,0.5034013605442182,0.3509369273511851,0.0,0.7142857142857142,0.13311557235659066,0.812207400380224
1068.jpg,0,0.17073170731707332,0.5170068027210886,0.3285880138512489,0.0,0.7142857142857142,0.15293426799280718,0.805755329231232
1069.jpg,0,0.09756097560975618,0.4625850340136055,0.24233160258498732,0.0,0.5714285714285714,0.09678129702352622,0.8064369554014448
1070.jpg,0,0.12195121951219523,0.5034013605442182,0.1895303963046464,0.0,0.4285714285714286,0.13311557235659066,0.8465181866801927
1071.jpg,0,0.09756097560975618,0.4761904761904767,0.2065774539370735,0.0,0.7142857142857142,0.10669064484163471,0.7407074101903319
1072.jpg,0,0.12195121951219523,0.5714285714285716,0.2537918467641731,0.0,0.4285714285714286,0.19917789114397966,0.8716904150705815
1073.jpg,0,0.07317073170731714,0.510204081632653,0.2255910578932645,0.0,0.857142857142857,0.1397218042353292,0.8318948411996985
1074.jpg,0,0.07317073170731714,0.5442176870748301,0.191004428551647,0.0,0.5714285714285714,0.1727529636290237,0.8286918025185344
1075.jpg,0,0.12195121951219523,0.564625850340136,0.1917313944552812,0.0,0.7142857142857142,0.18926854332587117,0.8048560636989492
1076.jpg,0,0.09756097560975618,0.5306122448979589,0.17269154700971523,0.0,0.5714285714285714,0.16284361581091522,0.8182454449007608
1077.jpg,0,0.12195121951219523,0.6190476190476191,0.1717909809039484,0.0,0.4285714285714286,0.23551216647704365,0.8455825678422073
1078.jpg,0,0.09756097560975618,0.5714285714285716,0.13456833877102392,0.0,0.4285714285714286,0.1925716592652411,0.8118019746596019
1079.jpg,0,0.07317073170731714,0.5782312925170072,0.18339434741541494,0.0,0.5714285714285714,0.20248100708334915,0.8495843233472016
1080.jpg,0,0.09756097560975618,0.5714285714285716,0.12132128232734019,0.0,0.5714285714285714,0.19587477520460972,0.8943641031242393
1081.jpg,0,0.07317073170731714,0.5986394557823131,0.11831330409727059,0.0,0.5714285714285714,0.22229970271956567,0.9488545599678062
1082.jpg,0,0.09756097560975618,0.6122448979591835,0.16277046793148875,0.0,0.2857142857142857,0.2322090505376737,0.8715856937176554
1083.jpg,0,0.07317073170731714,0.6530612244897962,0.1774588825909138,0.0,0.2857142857142857,0.2685433258707386,0.8848509471581494
1084.jpg,0,0.14634146341463428,0.5918367346938775,0.12235870241027946,0.0,0.4285714285714286,0.21899658678019618,0.7334403686012294
1085.jpg,0,0.07317073170731714,0.5918367346938775,0.16192031826543607,0.0,0.2857142857142857,0.2090872389620877,0.8691884771918552
1086.jpg,0,0.09756097560975618,0.5782312925170072,0.14371321006220628,0.0,0.5714285714285714,0.20248100708334915,0.8848074448676471
1087.jpg,0,0.12195121951219523,0.6734693877551021,0.1134631911529067,0.0,0.2857142857142857,0.29496825338569455,0.8230752718849743
1088.jpg,0,0.12195121951219523,0.6530612244897962,0.09939376244879083,0.0,0.4285714285714286,0.2685433258707386,0.8399692675770183
1089.jpg,0,0.07317073170731714,0.6666666666666665,0.07851857106263882,0.0,0.2857142857142857,0.2916651374463246,0.9511780262867688
1090.jpg,0,0.12195121951219523,0.6190476190476191,0.09314154100028249,0.0,0.1428571428571428,0.24211839835578264,0.904661823181641
1091.jpg,0,0.12195121951219523,0.639455782312925,0.12039339610848243,0.0,0.0,0.2619370939919996,0.8148310840010922
1092.jpg,0,0.17073170731707332,0.5918367346938775,0.09598429184017476,0.0,0.1428571428571428,0.21239035490145763,0.8565693816992379
1093.jpg,0,0.17073170731707332,0.6054421768707487,0.1274276581955247,0.0,0.1428571428571428,0.2322090505376737,0.848969780057935
1094.jpg,0,0.14634146341463428,0.7210884353741496,0.1372642990135886,0.0,0.1428571428571428,0.3412118765368666,0.9399752046235506
1095.jpg,0,0.14634146341463428,0.6666666666666665,0.18229699250589393,0.0,0.1428571428571428,0.2916651374463246,0.8909959230897257
1096.jpg,0,0.12195121951219523,0.5986394557823131,0.13148067899843552,0.0,0.2857142857142857,0.2256028186589356,0.8706694218576487
1097.jpg,0,0.12195121951219523,0.693877551020408,0.17899182554903081,0.0,0.1428571428571428,0.3114838330825416,0.8575756916033797
1098.jpg,0,0.14634146341463428,0.6258503401360547,0.16769588052032436,0.0,0.4285714285714286,0.25202774617389156,0.9264351420557446
1099.jpg,0,0.09756097560975618,0.6326530612244903,0.22895855886377658,0.0,0.5714285714285714,0.25202774617389156,0.8151105268528056
1100.jpg,0,0.07317073170731714,0.5850340136054419,0.13962339952555158,0.0,0.4285714285714286,0.2057841230227191,0.7958831745285764
1101.jpg,0,0.07317073170731714,0.6802721088435377,0.21297447639264755,0.0,0.4285714285714286,0.2982713693250636,0.8437183466701015
1102.jpg,0,0.09756097560975618,0.6802721088435377,0.200040496615284,0.0,0.2857142857142857,0.30157448526443353,0.8979600979282054
1103.jpg,0,0.07317073170731714,0.6190476190476191,0.1324662609521159,0.0,0.4285714285714286,0.23551216647704365,0.8269424614108516
1104.jpg,0,0.04878048780487809,0.5986394557823131,0.13148067899843552,0.0,0.7142857142857142,0.21569347084082713,0.824570668234287
1105.jpg,0,0.09756097560975618,0.5986394557823131,0.15781542880076582,0.0,0.2857142857142857,0.22229970271956567,0.7910279695122568
1106.jpg,0,0.12195121951219523,0.6190476190476191,0.23733218082366925,0.0,0.5714285714285714,0.24211839835578264,0.845340773048477
1107.jpg,0,0.14634146341463428,0.6054421768707487,0.1274276581955247,0.0,0.2857142857142857,0.23551216647704365,0.8632246483981945
1108.jpg,0,0.12195121951219523,0.5918367346938775,0.16192031826543607,0.0,0.2857142857142857,0.21899658678019618,0.9322052844258977
1109.jpg,0,0.09756097560975618,0.6530612244897962,0.2034805893049545,0.0,0.4285714285714286,0.2685433258707386,0.8877316008096869
1110.jpg,0,0.14634146341463428,0.6190476190476191,0.23733218082366925,0.0,0.5714285714285714,0.2454215142951517,0.8373411511743285
1111.jpg,0,0.09756097560975618,0.564625850340136,0.16519713897263033,0.0,0.4285714285714286,0.18596542738650168,0.9232639496186437
1112.jpg,0,0.09756097560975618,0.5850340136054419,0.20565887697106167,0.0,0.5714285714285714,0.2057841230227191,0.9190554799829087
1113.jpg,0,0.07317073170731714,0.639455782312925,0.1986911991720417,0.0,0.2857142857142857,0.25863397805262967,0.8922487072033505
1114.jpg,0,0.14634146341463428,0.6190476190476191,0.23733218082366925,0.0,0.1428571428571428,0.2454215142951517,0.9364287797450359
1115.jpg,0,0.12195121951219523,0.5238095238095242,0.15010425970727015,0.0,0.5714285714285714,0.15293426799280718,0.8731853757408814
1116.jpg,0,0.12195121951219523,0.5918367346938775,0.21466913940564503,0.0,0.4285714285714286,0.21239035490145763,0.8682435962887283
1117.jpg,0,0.14634146341463428,0.6054421768707487,0.20631328260340442,0.0,0.2857142857142857,0.21899658678019618,0.8935331569814124
1118.jpg,0,0.14634146341463428,0.5782312925170072,0.18339434741541494,0.0,0.1428571428571428,0.20248100708334915,0.9108429396615989
1119.jpg,0,0.09756097560975618,0.5306122448979589,0.17269154700971523,0.0,0.2857142857142857,0.15623738393217668,0.8138420132760942
1120.jpg,0,0.09756097560975618,0.5782312925170072,0.18339434741541494,0.0,0.5714285714285714,0.2057841230227191,0.8926901233197384
1121.jpg,0,0.12195121951219523,0.6190476190476191,0.1717909809039484,0.0,0.2857142857142857,0.2454215142951517,0.9109060863597591
1122.jpg,0,0.09756097560975618,0.5986394557823131,0.1709828037019303,0.0,0.2857142857142857,0.2256028186589356,0.9165838454640394
1123.jpg,0,0.12195121951219523,0.6122448979591835,0.18902625296679565,0.0,0.2857142857142857,0.2322090505376737,0.9157257802914671
1124.jpg,0,0.14634146341463428,0.5782312925170072,0.24952957633742967,0.0,0.0,0.20248100708334915,0.6949645439188856
1125.jpg,0,0.12195121951219523,0.6258503401360547,0.20696181912693712,0.0,0.2857142857142857,0.2454215142951517,0.8896840592374176
1126.jpg,0,0.12195121951219523,0.5578231292517004,0.20920615451517577,0.0,0.2857142857142857,0.18596542738650168,0.8536856368362038
1127.jpg,0,0.14634146341463428,0.6462585034013606,0.19457435039985072,0.0,0.1428571428571428,0.2685433258707386,0.9239467452715999
1128.jpg,0,0.14634146341463428,0.639455782312925,0.2247904668598948,0.0,0.2857142857142857,0.25863397805262967,0.8354650023264867
1129.jpg,0,0.04878048780487809,0.5714285714285716,0.2405447903204907,0.0,0.7142857142857142,0.1925716592652411,0.7828413449564735
1130.jpg,0,0.09756097560975618,0.564625850340136,0.2315327776792575,0.0,0.4285714285714286,0.18596542738650168,0.8223654941811631
1131.jpg,0,0.04878048780487809,0.5578231292517004,0.16934437465504804,0.0,0.2857142857142857,0.1760560795683932,0.9238135621030992
1132.jpg,0,0.14634146341463428,0.6122448979591835,0.2284099305197551,0.0,0.2857142857142857,0.2322090505376737,0.8922426853260035
1133.jpg,0,0.17073170731707332,0.5782312925170072,0.24952957633742967,0.0,0.2857142857142857,0.2057841230227191,0.8245391530437871
1134.jpg,0,0.07317073170731714,0.5374149659863945,0.12846984632286462,0.0,0.5714285714285714,0.16284361581091522,0.865839055205214
1135.jpg,0,0.14634146341463428,0.6190476190476191,0.1324662609521159,0.0,0.1428571428571428,0.2388152824164136,0.8904756235839244
1136.jpg,0,0.07317073170731714,0.5986394557823131,0.1973175535042606,0.0,0.5714285714285714,0.22229970271956567,0.8041444727348193
1137.jpg,0,0.14634146341463428,0.5918367346938775,0.10917149712522756,0.0,0.2857142857142857,0.21569347084082713,0.8385417208922021
1138.jpg,0,0.12195121951219523,0.5850340136054419,0.11320920854734684,0.0,0.2857142857142857,0.21239035490145763,0.8896148615305037
1139.jpg,0,0.14634146341463428,0.5918367346938775,0.13554590769533137,0.0,0.2857142857142857,0.21569347084082713,0.9108632892403676
1140.jpg,0,0.14634146341463428,0.5850340136054419,0.1792446859928578,0.0,0.4285714285714286,0.21239035490145763,0.880319003218915
1141.jpg,0,0.12195121951219523,0.6258503401360547,0.19387317292473316,0.0,0.7142857142857142,0.2454215142951517,0.9171638850018269
1142.jpg,0,0.12195121951219523,0.5782312925170072,0.209848438984221,0.0,0.7142857142857142,0.20248100708334915,0.8489185943763431
1143.jpg,0,0.12195121951219523,0.5850340136054419,0.23207306794926552,0.0,0.4285714285714286,0.21239035490145763,0.8331055833374208
1144.jpg,0,0.09756097560975618,0.6190476190476191,0.2504404208076134,0.0,0.7142857142857142,0.24211839835578264,0.8528223915255566
1145.jpg,0,0.12195121951219523,0.564625850340136,0.16519713897263033,0.0,0.1428571428571428,0.18926854332587117,0.8333154089222958
1146.jpg,0,0.14634146341463428,0.5510204081632657,0.17350421591704768,0.0,0.4285714285714286,0.17935919550776314,0.8701866390678035
1147.jpg,0,0.14634146341463428,0.5238095238095242,0.16349310421686436,0.0,0.5714285714285714,0.14963115205343724,0.8054687527875473
1148.jpg,0,0.14634146341463428,0.5374149659863945,0.11512182146116468,0.0,0.7142857142857142,0.16284361581091522,0.8733890185884547
1149.jpg,0,0.04878048780487809,0.48979591836734704,0.19802765846811354,0.0,0.4285714285714286,0.11329687672037325,0.7758069238898457
1150.jpg,0,0.12195121951219523,0.5170068027210886,0.11403844425186893,0.0,0.4285714285714286,0.1430249201746987,0.8067975373212519
1151.jpg,0,0.09756097560975618,0.5782312925170072,0.18339434741541494,0.0,0.2857142857142857,0.20248100708334915,0.7740764439345043
1152.jpg,0,0.09756097560975618,0.5578231292517004,0.1826316346084238,0.0,0.5714285714285714,0.17935919550776314,0.8066624656323995
1153.jpg,0,0.04878048780487809,0.6122448979591835,0.18902625296679565,0.0,0.4285714285714286,0.2322090505376737,0.8386323771146351
1154.jpg,0,0.07317073170731714,0.5306122448979589,0.14595473995849506,0.0,0.2857142857142857,0.15623738393217668,0.7488078647016678
1155.jpg,0,0.024390243902439046,0.639455782312925,0.237840100703822,0.0,0.7142857142857142,0.25863397805262967,0.866117186188113
1156.jpg,0,0.09756097560975618,0.639455782312925,0.15954229764026273,0.0,0.2857142857142857,0.25863397805262967,0.8744936562134882
1157.jpg,0,0.12195121951219523,0.6530612244897962,0.047350349020710336,0.0,0.2857142857142857,0.2685433258707386,0.866680824892434
1158.jpg,0,0.12195121951219523,0.7142857142857149,0.0,0.0,0.7142857142857142,0.15307788172930126,1.0
1159.jpg,0,0.14634146341463428,0.768707482993197,0.12251159754401941,0.0,0.7142857142857142,0.038150989099718036,0.9488619403155809
1160.jpg,0,0.09756097560975618,0.7619047619047623,0.1645424476181967,0.0,0.2857142857142857,0.37754615186993057,0.8918356432097596
1161.jpg,0,0.12195121951219523,0.7210884353741496,0.11162358361307678,0.0,0.2857142857142857,0.33790876059749664,0.906631524915305
1162.jpg,0,0.09756097560975618,0.7210884353741496,0.15008465671384474,0.0,0.2857142857142857,0.3412118765368666,0.9200341245419636
1163.jpg,0,0.09756097560975618,0.7414965986394555,0.18925589540150645,0.0,0.5714285714285714,0.36103057217308443,0.8951738137971788
1164.jpg,0,0.04878048780487809,0.7891156462585038,0.21194797006111,0.0,0.4285714285714286,0.40066796344551747,0.9662636167378764
1165.jpg,0,0.14634146341463428,0.6530612244897962,0.08638290909177115,0.0,0.4285714285714286,0.27845267368884663,0.9361925607415529
1166.jpg,0,0.09756097560975618,0.639455782312925,0.12039339610848243,0.0,0.2857142857142857,0.25863397805262967,0.8337714374465577
1167.jpg,0,0.07317073170731714,0.6870748299319733,0.1959580900188893,0.0,0.4285714285714286,0.3048776012038026,0.845418188451525
1168.jpg,0,0.12195121951219523,0.6598639455782318,0.17338575194056993,0.0,0.4285714285714286,0.28175578962821657,0.8360202071647862
1169.jpg,0,0.04878048780487809,0.6190476190476191,0.15868274092000378,0.0,0.4285714285714286,0.23551216647704365,0.8417114334268803
1170.jpg,0,0.07317073170731714,0.639455782312925,0.2247904668598948,0.0,0.4285714285714286,0.25863397805262967,0.8827647286066309
1171.jpg,0,0.09756097560975618,0.639455782312925,0.12039339610848243,0.0,0.2857142857142857,0.2619370939919996,0.9098603066117548
1172.jpg,0,0.07317073170731714,0.6734693877551021,0.13936941691999216,0.0,0.1428571428571428,0.2916651374463246,0.8613072319818258
1173.jpg,0,0.09756097560975618,0.768707482993197,0.2113436702468059,0.0,0.4285714285714286,0.3874554996880395,0.9442013903264765
1174.jpg,0,0.12195121951219523,0.6258503401360547,0.16769588052032436,0.0,0.5714285714285714,0.24872463023452163,0.8485595016420362
1175.jpg,0,0.12195121951219523,0.5918367346938775,0.14873311298038416,0.0,0.5714285714285714,0.21899658678019618,0.8788816208015007
1176.jpg,0,0.07317073170731714,0.6666666666666665,0.2212139005471152,0.0,0.4285714285714286,0.2850589055675856,0.8783982035573388
1177.jpg,0,0.12195121951219523,0.693877551020408,0.1274082950083848,0.0,0.2857142857142857,0.3147869490219106,0.9152540289540454
1178.jpg,0,0.09756097560975618,0.6598639455782318,0.17338575194056993,0.0,0.2857142857142857,0.27845267368884663,0.8733576592306207
1179.jpg,0,0.07317073170731714,0.6054421768707487,0.1142800541275446,0.0,0.4285714285714286,0.2256028186589356,0.7969050432011002
1180.jpg,0,0.12195121951219523,0.6870748299319733,0.1313835744637668,0.0,0.5714285714285714,0.3048776012038026,0.835037250788929
1181.jpg,0,0.09756097560975618,0.6802721088435377,0.18710651683792134,0.0,0.7142857142857142,0.30157448526443353,0.8606212300076947
1182.jpg,0,0.04878048780487809,0.693877551020408,0.1918877081841921,0.0,0.4285714285714286,0.3114838330825416,0.8833330189781989
1183.jpg,0,0.12195121951219523,0.7278911564625852,0.21011916799150443,0.0,0.2857142857142857,0.34781810841560645,0.8863090543007814
1184.jpg,0,0.14634146341463428,0.693877551020408,0.17899182554903081,0.0,0.2857142857142857,0.3147869490219106,0.8862294115001816
1185.jpg,0,0.07317073170731714,0.6666666666666665,0.1304077817842666,0.0,0.2857142857142857,0.28836202150695556,0.8691278834370024
1186.jpg,0,0.09756097560975618,0.6802721088435377,0.09656865839638051,0.0,0.1428571428571428,0.29496825338569455,0.9128878687444342
1187.jpg,0,0.09756097560975618,0.7074829931972793,0.18378280690981796,0.0,0.7142857142857142,0.32469629684001955,0.8832198074700841
1188.jpg,0,0.09756097560975618,0.7074829931972793,0.1580667883803759,0.0,0.4285714285714286,0.3279994127793886,0.8667637185126722
1189.jpg,0,0.09756097560975618,0.6734693877551021,0.1134631911529067,0.0,0.2857142857142857,0.28836202150695556,0.8916843117298257
1190.jpg,0,0.09756097560975618,0.768707482993197,0.19865337414640782,0.0,0.2857142857142857,0.38415238374867045,0.8999884129499591
1191.jpg,0,0.12195121951219523,0.7414965986394555,0.18925589540150645,0.0,0.2857142857142857,0.3577274562337145,0.9290819820681406
1192.jpg,0,0.14634146341463428,0.7346938775510208,0.16771498803302842,0.0,0.4285714285714286,0.34781810841560645,0.9139377743430259
1193.jpg,0,0.07317073170731714,0.7278911564625852,0.13330948106804197,0.0,0.5714285714285714,0.3412118765368666,0.8752468816801766
1194.jpg,0,0.12195121951219523,0.7142857142857149,0.16690902642312455,0.0,0.2857142857142857,0.33130252871875854,0.9234810524882562
1195.jpg,0,0.14634146341463428,0.693877551020408,0.07582476446773834,0.0,0.2857142857142857,0.3147869490219106,0.9443809280740041
1196.jpg,0,0.14634146341463428,0.7210884353741496,0.1372642990135886,0.0,0.4285714285714286,0.3346056446581285,0.9406282957414689
1197.jpg,0,0.19512195121951237,0.693877551020408,0.02424123392709232,0.0,0.1428571428571428,0.3147869490219106,0.9549096962214207
1198.jpg,0,0.12195121951219523,0.7551020408163267,0.19396829390003933,0.0,0.2857142857142857,0.37093991999119247,0.8940508184722091
1199.jpg,0,0.07317073170731714,0.768707482993197,0.19865337414640782,0.0,0.4285714285714286,0.38415238374867045,0.9047975592635709
1200.jpg,0,0.19512195121951237,0.7346938775510208,0.11658328403726337,0.0,0.4285714285714286,0.3511212243549746,0.8847988500523769
901.jpg,0,0.04878048780487809,0.18367346938775553,0.5635624183048753,0.0,0.2857142857142857,0.18893823173193391,0.5603608476841231
902.jpg,0,0.07317073170731714,0.08163265306122502,0.49464537385314644,0.0,0.2857142857142857,0.5115058538554704,0.4033178900107899
903.jpg,0,0.024390243902439046,0.07482993197278942,0.5147453413002014,0.0,0.4285714285714286,0.07630197819943563,0.4025198648817465
904.jpg,0,0.024390243902439046,0.156462585034014,0.5698445350830519,0.0,0.4285714285714286,0.15260395639886992,0.45877878079611634
905.jpg,0,0.024390243902439046,0.11564625850340127,0.5278319639021887,0.0,0.7142857142857142,0.10900282599919286,0.3551952367475124
906.jpg,0,0.024390243902439046,0.1496598639455784,0.5750827249174821,0.0,0.4285714285714286,0.15260395639886992,0.4464013531735347
907.jpg,0,0.04878048780487809,0.17687074829931992,0.5397129738197939,0.0,0.2857142857142857,0.17803794913201543,0.454363877357963
908.jpg,0,0.04878048780487809,0.18367346938775553,0.5780596108698992,0.0,0.4285714285714286,0.18530480419862805,0.426087758054976
909.jpg,0,0.04878048780487809,0.13605442176870808,0.5562773969154153,0.0,0.7142857142857142,0.13807024626564424,0.5106387532136338
910.jpg,0,0.07317073170731714,0.19727891156462585,0.5532277859812935,0.0,0.4285714285714286,0.2034719418651596,0.5190235812455839
911.jpg,0,0.024390243902439046,0.1496598639455784,0.5019917039719499,0.0,0.4285714285714286,0.14897052886556406,0.46452167218478735
912.jpg,0,0.024390243902439046,0.2448979591836733,0.5461563273948298,0.0,0.4285714285714286,0.2470730722648371,0.5215726028864651
913.jpg,0,0.0,0.23809523809523858,0.5655522290490937,0.0,0.5714285714285714,0.23617278966491817,0.5227035439677508
914.jpg,0,0.04878048780487809,0.2448979591836733,0.5318719810501729,0.0,0.5714285714285714,0.2543399273314497,0.608494584480205
915.jpg,0,0.04878048780487809,0.19727891156462585,0.4520823566662395,0.0,0.2857142857142857,0.19620508679854698,0.5421257741204926
916.jpg,0,0.07317073170731714,0.21768707482993177,0.4372059353243345,0.0,0.2857142857142857,0.21800565199838529,0.6643837756696129
917.jpg,0,0.07317073170731714,0.19727891156462585,0.46653170371124686,0.0,0.4285714285714286,0.1925716592652411,0.6281403037378226
918.jpg,0,0.07317073170731714,0.29251700680272164,0.5674906898386243,0.0,0.1428571428571428,0.30157448526443353,0.6158884612990789
919.jpg,0,0.07317073170731714,0.30612244897959195,0.5433316093877676,0.0,0.4285714285714286,0.31247476786435247,0.6250760559293909
920.jpg,0,0.04878048780487809,0.23809523809523858,0.5369368554893734,0.0,0.2857142857142857,0.2434396447315308,0.5614023185666284
921.jpg,0,0.04878048780487809,0.21768707482993177,0.5090967753019591,0.0,0.4285714285714286,0.22163907953169248,0.5418432701328015
922.jpg,0,0.07317073170731714,0.21768707482993177,0.5378531112930092,0.0,0.5714285714285714,0.21800565199838529,0.47219677373678337
923.jpg,0,0.07317073170731714,0.28571428571428603,0.5725558301707383,0.0,0.5714285714285714,0.2906742026645137,0.582441514363758
924.jpg,0,0.09756097560975618,0.23809523809523858,0.5512445422692336,0.0,0.5714285714285714,0.2470730722648371,0.5491055066822668
925.jpg,0,0.09756097560975618,0.21088435374149705,0.55736296095799,0.0,0.4285714285714286,0.21800565199838529,0.515848571894864
926.jpg,0,0.024390243902439046,0.17687074829931992,0.49614927078857596,0.0,0.5714285714285714,0.17803794913201543,0.46567846704747495
927.jpg,0,0.04878048780487809,0.11564625850340127,0.4836082047644381,0.0,0.2857142857142857,0.10900282599919286,0.39980742480295817
928.jpg,0,0.04878048780487809,0.12244897959183687,0.4931962130480847,0.0,0.4285714285714286,0.12353653613241855,0.4725241663330948
929.jpg,0,0.024390243902439046,0.18367346938775553,0.5055736480447779,0.0,0.2857142857142857,0.18530480419862805,0.562137859332708
930.jpg,0,0.024390243902439046,0.11564625850340127,0.5130907108562717,0.0,0.5714285714285714,0.11626968106580549,0.5061611765676091
931.jpg,0,0.024390243902439046,0.23809523809523858,0.5798599158289544,0.0,0.5714285714285714,0.2434396447315308,0.5533885457249923
932.jpg,0,0.04878048780487809,0.23129251700680298,0.5276872052798072,0.0,0.4285714285714286,0.2398062171982236,0.6113778721552805
933.jpg,0,0.024390243902439046,0.13605442176870808,0.46827433853074485,0.0,0.4285714285714286,0.13807024626564424,0.42400342812536707
934.jpg,0,0.07317073170731714,0.19047619047619024,0.5004936400715794,0.0,0.5714285714285714,0.19620508679854698,0.5858430453113357
935.jpg,0,0.07317073170731714,0.21768707482993177,0.5234749432974848,0.0,0.4285714285714286,0.22163907953169248,0.5122717664337983
936.jpg,0,0.09756097560975618,0.10884353741496655,0.4444556355446756,0.0,0.5714285714285714,0.11263625353249962,0.4920945465049016
937.jpg,0,0.04878048780487809,0.19047619047619024,0.4136542584919951,0.0,0.4285714285714286,0.1925716592652411,0.5201674802249698
938.jpg,0,0.07317073170731714,0.16326530612244872,0.3897890818016543,0.0,0.4285714285714286,0.1671376665320956,0.5213598641218695
939.jpg,0,0.04878048780487809,0.16326530612244872,0.4189281976395076,0.0,0.1428571428571428,0.16350423899878974,0.5110461941115787
940.jpg,0,0.04878048780487809,0.17006802721088432,0.38487609134062195,0.0,0.4285714285714286,0.17440452159870823,0.5803156162342447
941.jpg,0,0.09756097560975618,0.08163265306122502,0.435179809783369,0.0,0.2857142857142857,0.08720226079935411,0.4349395350114946
942.jpg,0,0.09756097560975618,0.09523809523809534,0.36575300909276676,0.0,0.2857142857142857,0.09446911586596718,0.40604645341658596
943.jpg,0,0.12195121951219523,0.04081632653061229,0.3309110741567314,0.0,0.2857142857142857,0.03996770286637119,0.3611326673566708
944.jpg,0,0.14634146341463428,0.020408163265306367,0.3760987213433533,0.0,0.2857142857142857,0.02180056519983875,0.3636562590757393
945.jpg,0,0.09756097560975618,0.04081632653061229,0.3609498539484117,0.0,0.4285714285714286,0.03996770286637119,0.35872498177246825
946.jpg,0,0.09756097560975618,0.027210884353741527,0.3710317163569785,0.0,0.5714285714285714,0.025433992733145505,0.32731453044659276
947.jpg,0,0.04878048780487809,0.11564625850340127,0.42464319258076966,0.0,0.4285714285714286,0.11626968106580549,0.4043779925027806
948.jpg,0,0.09756097560975618,0.047619047619047894,0.38592216146358416,0.0,0.4285714285714286,0.047234557932984256,0.3621579067165328
949.jpg,0,0.04878048780487809,0.047619047619047894,0.4309031767509537,0.0,0.5714285714285714,0.04360113039967706,0.35251916604493516
950.jpg,0,0.07317073170731714,0.07482993197278942,0.47007031931410603,0.0,0.4285714285714286,0.0799354057327415,0.4711546873321808
951.jpg,0,0.14634146341463428,0.11564625850340127,0.4393844456266871,0.0,0.4285714285714286,0.12353653613241855,0.4417736777440453
952.jpg,0,0.04878048780487809,0.08163265306122502,0.45004620080081326,0.0,0.5714285714285714,0.08356883326604825,0.41356604933062613
953.jpg,0,0.024390243902439046,0.0,0.48245854031544955,0.0,0.2857142857142857,0.19065932898455307,0.36471870956027885
954.jpg,0,0.04878048780487809,0.08163265306122502,0.435179809783369,0.0,0.4285714285714286,0.08356883326604825,0.37021247190736517
955.jpg,0,0.04878048780487809,0.06802721088435382,0.475245619987112,0.0,0.5714285714285714,0.06540169559951581,0.3465481030496278
956.jpg,0,0.04878048780487809,0.047619047619047894,0.5208652073256941,0.0,0.2857142857142857,0.47113443681873335,0.36357540518618237
957.jpg,0,0.024390243902439046,0.07482993197278942,0.4402869713233759,0.0,0.1428571428571428,0.5034315704481225,0.38605699998934284
958.jpg,0,0.04878048780487809,0.1428571428571428,0.5217678363950058,0.0,0.7142857142857142,0.14897052886556406,0.44632820097621106
959.jpg,0,0.09756097560975618,0.09523809523809534,0.4694655812838371,0.0,0.2857142857142857,0.09810254339927393,0.472878929330264
960.jpg,0,0.04878048780487809,0.054421768707483054,0.455713218231395,0.0,0.5714285714285714,0.05450141299959688,0.45762789086411004
961.jpg,0,0.07317073170731714,0.06802721088435382,0.4454115337544895,0.0,0.4285714285714286,0.06903512313282256,0.4388019911394494
962.jpg,0,0.07317073170731714,0.03401360544217713,0.4712984986126929,0.0,0.7142857142857142,0.03270084779975857,0.44546517438675437
963.jpg,0,0.09756097560975618,0.006802721088435604,0.5226291687095124,0.0,0.7142857142857142,0.007266855066613065,0.42014570215138747
964.jpg,0,0.024390243902439046,0.10204081632653095,0.508708176166945,0.0,0.7142857142857142,0.09810254339927393,0.4814646463629586
965.jpg,0,0.04878048780487809,0.12925170068027247,0.5321356183149235,0.0,0.5714285714285714,0.1271699636657253,0.4753420200036089
966.jpg,0,0.04878048780487809,0.10204081632653095,0.5678723944728556,0.0,0.5714285714285714,0.09810254339927393,0.5019953872960841
967.jpg,0,0.07317073170731714,0.08843537414965974,0.5785018981006971,0.0,0.5714285714285714,0.08720226079935411,0.4581661725635229
968.jpg,0,0.07317073170731714,0.12244897959183687,0.6403609913552226,0.0,0.4285714285714286,0.1271699636657253,0.549988116464057
969.jpg,0,0.09756097560975618,0.08843537414965974,0.4894547356334962,0.0,0.4285714285714286,0.09083568833266131,0.45880808355872915
970.jpg,0,0.07317073170731714,0.12925170068027247,0.6055945470840061,0.0,0.4285714285714286,0.13080339119903117,0.4538194801085069
971.jpg,0,0.04878048780487809,0.06122448979591866,0.5252660802662104,0.0,0.7142857142857142,0.06176826806620994,0.4370692784796901
972.jpg,0,0.12195121951219523,0.17006802721088432,0.6030564312727149,0.0,0.4285714285714286,0.17803794913201543,0.5037147877659365
973.jpg,0,0.04878048780487809,0.156462585034014,0.5844383755985101,0.0,0.7142857142857142,0.15987081146548254,0.5119167965523843
974.jpg,0,0.024390243902439046,0.156462585034014,0.6136260566294256,0.0,0.5714285714285714,0.16350423899878974,0.5125269299921555
975.jpg,0,0.04878048780487809,0.10884353741496655,0.5773506419248986,0.0,0.5714285714285714,0.10900282599919286,0.5102173435534851
976.jpg,0,0.04878048780487809,0.09523809523809534,0.5583620717333266,0.0,0.5714285714285714,0.09446911586596718,0.46458464968003454
977.jpg,0,0.024390243902439046,0.1428571428571428,0.6242663818212977,0.0,0.7142857142857142,0.14533710133225686,0.5204351581536883
978.jpg,0,0.09756097560975618,0.12244897959183687,0.610928035693795,0.0,0.4285714285714286,0.12353653613241855,0.5173679398146618
979.jpg,0,0.04878048780487809,0.054421768707483054,0.6053936337745522,0.0,0.5714285714285714,0.05086798546629012,0.4369894886969874
980.jpg,0,0.04878048780487809,0.09523809523809534,0.5583620717333266,0.0,0.7142857142857142,0.09810254339927393,0.5015309649292377
981.jpg,0,0.024390243902439046,0.10884353741496655,0.5330523064648238,0.0,0.5714285714285714,0.105369398465887,0.5520264469067158
982.jpg,0,0.024390243902439046,0.07482993197278942,0.5594203632862964,0.0,0.7142857142857142,0.07266855066612843,0.4540328881409508
983.jpg,0,0.04878048780487809,0.07482993197278942,0.589203711277027,0.0,0.4285714285714286,0.07266855066612843,0.42776387171637964
984.jpg,0,0.04878048780487809,0.054421768707483054,0.5904255922202366,0.0,0.5714285714285714,0.05450141299959688,0.509096977231934
985.jpg,0,0.09756097560975618,0.11564625850340127,0.6015382291317737,0.0,0.4285714285714286,0.11990310859911268,0.4971155091937405
986.jpg,0,0.024390243902439046,0.08843537414965974,0.5785018981006971,0.0,0.5714285714285714,0.08356883326604825,0.4066181215955993
987.jpg,0,0.04878048780487809,0.10204081632653095,0.5678723944728556,0.0,0.4285714285714286,0.09810254339927393,0.41665922182456683
988.jpg,0,0.024390243902439046,0.1428571428571428,0.5803384337814586,0.0,0.5714285714285714,0.14533710133225686,0.5101683541064475
989.jpg,0,0.09756097560975618,0.09523809523809534,0.58799423521649,0.0,0.2857142857142857,0.09810254339927393,0.395005205647486
990.jpg,0,0.07317073170731714,0.10884353741496655,0.4887539710047495,0.0,0.4285714285714286,0.11263625353249962,0.4622943999614648
991.jpg,0,0.07317073170731714,0.07482993197278942,0.47007031931410603,0.0,0.4285714285714286,0.07630197819943563,0.420697957441277
992.jpg,0,0.09756097560975618,0.06122448979591866,0.45055358615977115,0.0,0.4285714285714286,0.06540169559951581,0.36770397699978474
993.jpg,0,0.09756097560975618,0.08163265306122502,0.49464537385314644,0.0,0.4285714285714286,0.08356883326604825,0.39178014667611905
994.jpg,0,0.09756097560975618,0.04081632653061229,0.4210274135317711,0.0,0.2857142857142857,0.03996770286637119,0.3488479686365409
995.jpg,0,0.09756097560975618,0.07482993197278942,0.4402869713233759,0.0,0.2857142857142857,0.07630197819943563,0.4182210908549848
996.jpg,0,0.09756097560975618,0.06122448979591866,0.45055358615977115,0.0,0.2857142857142857,0.06540169559951581,0.4157050522069099
997.jpg,0,0.09756097560975618,0.054421768707483054,0.39584105201413244,0.0,0.4285714285714286,0.05450141299959688,0.3414485850527882
998.jpg,0,0.04878048780487809,0.06802721088435382,0.43049449063817846,0.0,0.5714285714285714,0.06540169559951581,0.41092598635601973
999.jpg,0,0.09756097560975618,0.08163265306122502,0.46491259181825795,0.0,0.2857142857142857,0.08356883326604825,0.3476622352363421
1000.jpg,1,0.9512195121951219,0.6802721088435377,0.8208715259287045,0.0,0.2857142857142857,0.5958821154622536,0.17498285268267466
1001.jpg,1,0.9024390243902438,0.7142857142857149,0.8345451321156232,1.0,0.2857142857142857,0.6358498183286239,0.19392838654157885
1002.jpg,1,0.8292682926829267,0.6666666666666665,0.8049675211654286,1.0,0.2857142857142857,0.5740815502624148,0.12213511559085788
1003.jpg,1,0.9024390243902438,0.7142857142857149,0.8730625997517283,1.0,0.2857142857142857,0.6322163907953176,0.11517686882673672
1004.jpg,1,0.8292682926829267,0.6734693877551021,0.8517906255148264,1.0,0.2857142857142857,0.5886152603956409,0.10400030885654132
1005.jpg,1,0.780487804878049,0.6870748299319733,0.854618148681145,0.0,0.2857142857142857,0.6067823980621725,0.19855991222954827
1006.jpg,1,0.9024390243902438,0.7482993197278911,0.8480197047335913,1.0,0.4285714285714286,0.6721840936616879,0.1345090896146175
1007.jpg,1,0.8780487804878048,0.6666666666666665,0.8049675211654286,0.0,0.5714285714285714,0.5813484053290274,0.15934968783824388
1008.jpg,1,0.8292682926829267,0.7278911564625852,0.8630015068409334,1.0,0.2857142857142857,0.6431166733952365,0.20060287880390604
1009.jpg,1,0.8780487804878048,0.6802721088435377,0.8338055057060672,1.0,0.4285714285714286,0.5886152603956409,0.11143961042644435
1010.jpg,1,0.9024390243902438,0.7142857142857149,0.8217059762369212,1.0,0.4285714285714286,0.6322163907953176,0.17304732355677999
1011.jpg,1,0.8536585365853657,0.6870748299319733,0.841703245570121,1.0,0.5714285714285714,0.599515542995559,0.1358077085458831
1012.jpg,1,0.8536585365853657,0.693877551020408,0.8237859573071091,1.0,0.5714285714285714,0.6140492531287851,0.20496289646253274
1013.jpg,1,0.8780487804878048,0.7619047619047623,0.8381043175624039,0.0,0.2857142857142857,0.6830843762616077,0.21600551814606206
1014.jpg,1,0.8780487804878048,0.693877551020408,0.8108900746719474,0.0,0.5714285714285714,0.6104158255954788,0.19219777875441935
1015.jpg,1,0.8536585365853657,0.7142857142857149,0.8217059762369212,0.0,0.2857142857142857,0.6322163907953176,0.17778405662908625
1016.jpg,1,0.780487804878049,0.7346938775510208,0.8579929919758507,1.0,0.5714285714285714,0.6576503835284617,0.23188613870151187
1017.jpg,1,0.780487804878049,0.6326530612244903,0.790930327966481,1.0,0.2857142857142857,0.5413807024626562,0.1587284013485828
1018.jpg,1,0.8536585365853657,0.6734693877551021,0.8258843997477414,0.0,0.2857142857142857,0.5922486879289464,0.16527350398579443
1019.jpg,1,0.8048780487804876,0.6190476190476191,0.8009865001332677,0.0,0.5714285714285714,0.5377472749293508,0.16214209618433273
1020.jpg,1,0.8780487804878048,0.6734693877551021,0.7870250610971143,0.0,0.4285714285714286,0.5922486879289464,0.17202861377220557
1021.jpg,1,0.8536585365853657,0.6462585034013606,0.7679037992214082,0.0,0.4285714285714286,0.563181267662495,0.16690575520819095
1022.jpg,1,0.8536585365853657,0.7482993197278911,0.8607654169741656,1.0,0.2857142857142857,0.6794509487283005,0.2503885792538938
1023.jpg,1,0.8780487804878048,0.7482993197278911,0.8735111292147404,1.0,0.2857142857142857,0.675817521194995,0.16502069463594182
1024.jpg,1,0.8292682926829267,0.6734693877551021,0.8258843997477414,0.0,0.4285714285714286,0.5849818328623337,0.1976242704220681
1025.jpg,1,0.9024390243902438,0.7006802721088436,0.8059213669507526,0.0,0.2857142857142857,0.6140492531287851,0.14254123472192504
1026.jpg,1,0.975609756097561,0.6870748299319733,0.841703245570121,1.0,0.2857142857142857,0.6104158255954788,0.1747168957313221
1027.jpg,1,0.8292682926829267,0.693877551020408,0.8882653704829164,0.0,0.2857142857142857,0.6213161081953977,0.15512752988784229
1028.jpg,1,0.8536585365853657,0.6802721088435377,0.872607445038156,0.0,0.2857142857142857,0.5958821154622536,0.12327600998003874
1029.jpg,1,0.9512195121951219,0.6802721088435377,0.8467394854834298,1.0,0.2857142857142857,0.599515542995559,0.13525298956741238
1030.jpg,1,0.8780487804878048,0.6666666666666665,0.8568567318870564,0.0,0.5714285714285714,0.5813484053290274,0.1391662172572694
1031.jpg,1,0.8780487804878048,0.693877551020408,0.83668183994227,1.0,0.2857142857142857,0.6104158255954788,0.14213035095045257
1032.jpg,1,0.8292682926829267,0.5850340136054419,0.7735639830024521,0.0,0.4285714285714286,0.4941461445296733,0.1503949364237087
1033.jpg,1,0.8780487804878048,0.7414965986394555,0.8529990791949231,1.0,0.2857142857142857,0.6685506661283815,0.20680761525925817
1034.jpg,1,0.8292682926829267,0.7074829931972793,0.865257297940007,0.0,0.1428571428571428,0.6285829632620104,0.12751892926666386
1035.jpg,1,0.780487804878049,0.7074829931972793,0.852399288675286,0.0,0.2857142857142857,0.6285829632620104,0.1782544510583719
1036.jpg,1,0.8536585365853657,0.7346938775510208,0.84521006597691,0.0,0.2857142857142857,0.6503835284618491,0.15842727549558333
1037.jpg,1,0.8536585365853657,0.7414965986394555,0.8529990791949231,0.0,0.2857142857142857,0.6612838110617689,0.167329291156328
1038.jpg,1,0.8780487804878048,0.7006802721088436,0.818798285052627,0.0,0.4285714285714286,0.6140492531287851,0.2049706239229394
1039.jpg,1,0.9024390243902438,0.7210884353741496,0.8423839725276561,0.0,0.4285714285714286,0.6358498183286239,0.1763949531529434
1040.jpg,1,0.8536585365853657,0.7210884353741496,0.8423839725276561,1.0,0.2857142857142857,0.6285829632620104,0.124611391204418
1041.jpg,1,0.8292682926829267,0.7278911564625852,0.8501998923536891,0.0,0.1428571428571428,0.6431166733952365,0.15659652166120708
1042.jpg,1,0.8780487804878048,0.7278911564625852,0.8373982778664462,1.0,0.2857142857142857,0.6394832458619302,0.15922229966828638
1043.jpg,1,0.8780487804878048,0.7142857142857149,0.8473842879943247,0.0,0.2857142857142857,0.6285829632620104,0.14051399746895754
1044.jpg,1,0.9024390243902438,0.7210884353741496,0.8680246879281683,1.0,0.2857142857142857,0.6358498183286239,0.15859807992885777
1045.jpg,1,0.8292682926829267,0.7278911564625852,0.8501998923536891,1.0,0.2857142857142857,0.6431166733952365,0.14332376941067082
1046.jpg,1,0.9512195121951219,0.7755102040816326,0.8916059826271914,1.0,0.1428571428571428,0.6976180863948329,0.1512299233152703
1047.jpg,1,0.9268292682926829,0.7482993197278911,0.8735111292147404,1.0,0.1428571428571428,0.6685506661283815,0.16596218751337233
1048.jpg,1,0.8780487804878048,0.7210884353741496,0.8808450456284236,1.0,0.2857142857142857,0.6358498183286239,0.12867272331148172
1049.jpg,1,0.9268292682926829,0.693877551020408,0.8753694878477543,1.0,0.2857142857142857,0.6140492531287851,0.14699670455097902
1050.jpg,1,0.9024390243902438,0.7414965986394555,0.8785276631869783,1.0,0.2857142857142857,0.6612838110617689,0.1573924880902169
1051.jpg,1,0.8780487804878048,0.7414965986394555,0.8785276631869783,1.0,0.1428571428571428,0.6612838110617689,0.17919354377666252
1052.jpg,1,0.8780487804878048,0.7346938775510208,0.8707759179747923,1.0,0.2857142857142857,0.6540169559951563,0.15844402479761754
1053.jpg,1,0.8292682926829267,0.7346938775510208,0.8835588439737334,1.0,0.2857142857142857,0.6503835284618491,0.1736082260393701
1054.jpg,1,0.8292682926829267,0.7074829931972793,0.8781153072047276,1.0,0.2857142857142857,0.6322163907953176,0.17913597888873056
1055.jpg,1,0.8780487804878048,0.7210884353741496,0.8552043302279118,1.0,0.1428571428571428,0.6358498183286239,0.1341116200089445
1056.jpg,1,0.780487804878049,0.7210884353741496,0.8936654033286797,1.0,0.4285714285714286,0.6431166733952365,0.17807279590375202
1057.jpg,1,0.8048780487804876,0.7482993197278911,0.9244939781770389,1.0,0.1428571428571428,0.6685506661283815,0.19651460957190636
1058.jpg,1,0.7317073170731709,0.693877551020408,0.8495777225774321,0.0,0.4285714285714286,0.6067823980621725,0.14504262840499393
1059.jpg,1,0.8048780487804876,0.6734693877551021,0.8129312868641989,1.0,0.2857142857142857,0.5849818328623337,0.13995475179625316
1060.jpg,1,0.8048780487804876,0.7006802721088436,0.8445521212563762,0.0,0.2857142857142857,0.6140492531287851,0.1938993327319949
1061.jpg,1,0.8292682926829267,0.693877551020408,0.8108900746719474,1.0,0.2857142857142857,0.6104158255954788,0.19198253092068285
1062.jpg,1,0.7317073170731709,0.7278911564625852,0.8758031213281772,0.0,0.2857142857142857,0.6394832458619302,0.19748441992211951
1063.jpg,1,0.8292682926829267,0.7074829931972793,0.865257297940007,0.0,0.2857142857142857,0.6249495357287049,0.2139568261416116
1064.jpg,1,0.8780487804878048,0.7414965986394555,0.8529990791949231,1.0,0.1428571428571428,0.6649172385950752,0.20096273731784464
1065.jpg,1,0.8048780487804876,0.7210884353741496,0.8680246879281683,0.0,0.2857142857142857,0.6358498183286239,0.214340726866169
1066.jpg,1,0.8780487804878048,0.7210884353741496,0.8295636148274004,1.0,0.2857142857142857,0.6394832458619302,0.19024979327684832
1067.jpg,1,0.8048780487804876,0.7755102040816326,0.8409182586950652,1.0,0.2857142857142857,0.6939846588615266,0.20882030610361113
1068.jpg,1,0.8780487804878048,0.7278911564625852,0.8117950488919581,1.0,0.2857142857142857,0.6431166733952365,0.14191530829459964
1069.jpg,1,0.9024390243902438,0.7619047619047623,0.825395603035155,1.0,0.2857142857142857,0.6794509487283005,0.19234884237622651
1070.jpg,1,0.8536585365853657,0.8299319727891157,0.8269591930914402,1.0,0.2857142857142857,0.748486071861123,0.21616295008642084
1071.jpg,1,0.780487804878049,0.6870748299319733,0.841703245570121,1.0,0.2857142857142857,0.6031489705288662,0.12417834703761343
1072.jpg,1,0.8048780487804876,0.693877551020408,0.8495777225774321,1.0,0.2857142857142857,0.6067823980621725,0.1307155501057835
1073.jpg,1,0.9268292682926829,0.6802721088435377,0.7950035663739783,1.0,0.2857142857142857,0.5922486879289464,0.08373331291467423
1074.jpg,1,0.8780487804878048,0.7278911564625852,0.8117950488919581,1.0,0.2857142857142857,0.6431166733952365,0.14860967270667658
1075.jpg,1,0.8536585365853657,0.7755102040816326,0.802902465745972,1.0,0.2857142857142857,0.6903512313282203,0.21201350465190671
1076.jpg,1,0.8048780487804876,0.8095238095238098,0.8290110132023898,1.0,0.4285714285714286,0.7339523617278978,0.2529899623639551
1077.jpg,1,0.8536585365853657,0.768707482993197,0.8077875869655173,1.0,0.2857142857142857,0.6830843762616077,0.1519371259113953
1078.jpg,1,0.9024390243902438,0.7006802721088436,0.8574290393582507,1.0,0.2857142857142857,0.6176826806620923,0.12288535938220235
1079.jpg,1,0.8536585365853657,0.7142857142857149,0.8345451321156232,1.0,0.2857142857142857,0.6249495357287049,0.14791863410074768
1080.jpg,1,0.8292682926829267,0.7414965986394555,0.8147062032068413,0.0,0.2857142857142857,0.6576503835284617,0.17742836681473761
1081.jpg,1,0.9268292682926829,0.7278911564625852,0.8630015068409334,1.0,0.2857142857142857,0.6467501009285437,0.09926451632137656
1082.jpg,1,0.9512195121951219,0.7142857142857149,0.8088668203582192,1.0,0.2857142857142857,0.6213161081953977,0.04331514052616825
1083.jpg,1,0.9024390243902438,0.7823129251700682,0.8486459391500358,1.0,0.1428571428571428,0.6976180863948329,0.1577030495713032
1084.jpg,1,0.9512195121951219,0.768707482993197,0.8331681791663135,1.0,0.2857142857142857,0.6903512313282203,0.1645293236453611
1085.jpg,1,0.9268292682926829,0.7619047619047623,0.7872694594534071,1.0,0.2857142857142857,0.6721840936616879,0.17522350777283435
1086.jpg,1,0.9512195121951219,0.7619047619047623,0.8381043175624039,1.0,0.1428571428571428,0.675817521194995,0.1688429584669322
1087.jpg,1,0.8536585365853657,0.7823129251700682,0.8486459391500358,1.0,0.2857142857142857,0.6976180863948329,0.19118327973150429
1088.jpg,1,0.9268292682926829,0.7482993197278911,0.8097825680118675,0.0,0.4285714285714286,0.6649172385950752,0.1837865396854923
1089.jpg,1,0.9512195121951219,0.7482993197278911,0.8225282802524418,1.0,0.2857142857142857,0.6612838110617689,0.13855761924107668
1090.jpg,1,0.9268292682926829,0.7823129251700682,0.8866067959821513,1.0,0.2857142857142857,0.7012515139281392,0.16678320667244861
1091.jpg,1,1.0,0.7278911564625852,0.8117950488919581,1.0,0.2857142857142857,0.6394832458619302,0.12432022482529703
1092.jpg,1,0.9268292682926829,0.7074829931972793,0.8138252608811247,1.0,0.2857142857142857,0.6213161081953977,0.16166913975042974
1093.jpg,1,0.8780487804878048,0.7006802721088436,0.818798285052627,1.0,0.2857142857142857,0.6213161081953977,0.19584708237987059
1094.jpg,1,0.975609756097561,0.6530612244897962,0.749936430299809,1.0,0.2857142857142857,0.5559144125958824,0.14409912117881873
1095.jpg,1,0.9268292682926829,0.8435374149659869,0.8797294367557904,1.0,0.2857142857142857,0.3511212243549746,0.23705592176040824
1096.jpg,1,1.0,0.8367346938775513,0.897163529501178,1.0,0.2857142857142857,0.3346056446581285,0.06993766464051276
1097.jpg,1,1.0,0.9251700680272106,0.932234361627486,1.0,0.2857142857142857,0.42048665908173444,0.11752643516010863
1098.jpg,1,1.0,0.9659863945578233,0.9517403755536216,1.0,0.2857142857142857,0.45682093441479843,0.10776261156591715
1099.jpg,1,0.9512195121951219,1.0000000000000004,1.0,1.0,0.2857142857142857,0.49645832568723147,0.17336083424626025
1100.jpg,1,0.8780487804878048,0.8911564625850343,0.9322170156787428,1.0,0.1428571428571428,0.3874554996880395,0.0769032706706625
1101.jpg,1,0.975609756097561,0.8843537414965987,0.9123972696714859,1.0,0.1428571428571428,0.3808492678093005,0.08922656039168686
1102.jpg,1,0.9512195121951219,1.0000000000000004,0.9516226281255538,1.0,0.4285714285714286,0.4997614416266014,0.2720857600397082
1103.jpg,1,1.0,0.8911564625850343,0.8951140313174095,1.0,0.2857142857142857,0.39075861562740855,0.1973507962887382
1104.jpg,1,0.975609756097561,0.9183673469387759,0.8879574631728073,1.0,0.2857142857142857,0.41388042720299545,0.23005080786767707
1105.jpg,1,0.9268292682926829,0.9455782312925174,0.9420282331448675,1.0,0.2857142857142857,0.26681996103280614,0.2647936222925935
1106.jpg,1,0.9268292682926829,0.8911564625850343,0.9569523385862979,1.0,0.2857142857142857,0.3940617315667785,0.20380258936156537
1107.jpg,1,0.9268292682926829,0.8911564625850343,0.8580110469560753,1.0,0.2857142857142857,0.3874554996880395,0.2145085941990459
1108.jpg,1,0.9024390243902438,0.8775510204081631,0.8677159824311365,1.0,0.1428571428571428,0.7993540573274123,0.31010246276208164
1109.jpg,1,0.8780487804878048,0.8707482993197284,0.9222702581691085,1.0,0.1428571428571428,0.7848203471941861,0.23848605962710678
1110.jpg,1,0.9024390243902438,0.9115646258503403,0.954395311534673,1.0,0.1428571428571428,0.8356883326604763,0.3217418609128302
1111.jpg,1,0.9024390243902438,0.8503401360544216,0.9247118535999541,1.0,0.5714285714285714,0.7702866370609618,0.28235127200773036
1112.jpg,1,0.8536585365853657,0.7346938775510208,0.8068612879800865,0.0,0.4285714285714286,0.6503835284618491,0.28185038573634813
1113.jpg,1,0.780487804878049,0.7823129251700682,0.9119140338702283,0.0,0.4285714285714286,0.7012515139281392,0.2962793775461492
1114.jpg,1,0.7317073170731709,0.8027210884353742,0.9472895469756488,0.0,0.7142857142857142,0.7339523617278978,0.2941338867048273
1115.jpg,1,0.6829268292682928,0.7823129251700682,0.8866067959821513,0.0,0.5714285714285714,0.7194186515946717,0.30274937266389657
1116.jpg,1,0.6829268292682928,0.7551020408163267,0.9194179241742511,0.0,0.5714285714285714,0.6830843762616077,0.27470166922764605
1117.jpg,1,0.7073170731707319,0.7278911564625852,0.8630015068409334,0.0,0.4285714285714286,0.6576503835284617,0.22452524984471722
1118.jpg,1,0.7317073170731709,0.6802721088435377,0.7820695865966156,0.0,0.5714285714285714,0.5922486879289464,0.18469386343615213
1119.jpg,1,0.6829268292682928,0.7346938775510208,0.8068612879800865,0.0,0.4285714285714286,0.6576503835284617,0.32246447949849966
1120.jpg,1,0.7317073170731709,0.5714285714285716,0.7704270480678246,0.0,0.4285714285714286,0.490512716996367,0.11080495135757928
1121.jpg,1,0.7317073170731709,0.693877551020408,0.7979941920367852,0.0,0.4285714285714286,0.6249495357287049,0.235546837181154
1122.jpg,1,0.6829268292682928,0.639455782312925,0.7467758206169557,0.0,0.5714285714285714,0.5704481227291076,0.19484379516251238
1123.jpg,1,0.6341463414634148,0.7210884353741496,0.7782821840263776,0.0,0.4285714285714286,0.6467501009285437,0.24080872321804492
1124.jpg,1,0.6585365853658538,0.7959183673469385,0.813565877408926,0.0,0.5714285714285714,0.7303189341945906,0.3752722091151668
1125.jpg,1,0.8048780487804876,0.6258503401360547,0.6912417286084978,0.0,0.4285714285714286,0.5522809850625761,0.2066313396098849
1126.jpg,1,0.8048780487804876,0.6802721088435377,0.7820695865966156,0.0,0.5714285714285714,0.6104158255954788,0.2759896276256626
1127.jpg,1,0.7317073170731709,0.7074829931972793,0.7623932238222428,0.0,0.5714285714285714,0.6285829632620104,0.24402976624322292
1128.jpg,1,0.7317073170731709,0.7210884353741496,0.7911025417266337,0.0,0.2857142857142857,0.6394832458619302,0.21987508386850863
1129.jpg,1,0.7317073170731709,0.7551020408163267,0.8430548051980185,0.0,0.4285714285714286,0.675817521194995,0.30262512166412137
1130.jpg,1,0.7073170731707319,0.7551020408163267,0.8303276187019799,0.0,0.2857142857142857,0.675817521194995,0.29638635535724944
1131.jpg,1,0.780487804878049,0.7210884353741496,0.8423839725276561,0.0,0.4285714285714286,0.6431166733952365,0.2544745699234099
1132.jpg,1,0.7317073170731709,0.7142857142857149,0.8345451321156232,0.0,0.2857142857142857,0.6322163907953176,0.24170232895396282
1133.jpg,1,0.7073170731707319,0.7278911564625852,0.7989934344047147,0.0,0.1428571428571428,0.6431166733952365,0.21733199826788052
1134.jpg,1,0.7317073170731709,0.7619047619047623,0.8381043175624039,0.0,0.2857142857142857,0.675817521194995,0.23936339029051368
1135.jpg,1,0.8048780487804876,0.7414965986394555,0.789177619214787,0.0,0.2857142857142857,0.6612838110617689,0.25574159839349164
1136.jpg,1,0.8048780487804876,0.6802721088435377,0.7173996877098006,0.0,0.1428571428571428,0.5886152603956409,0.22023732391679118
1137.jpg,1,0.75609756097561,0.7414965986394555,0.7764133272187603,0.0,0.1428571428571428,0.6576503835284617,0.23334379373419978
1138.jpg,1,0.780487804878049,0.7278911564625852,0.7733902054302275,0.0,0.1428571428571428,0.6358498183286239,0.22280309995166192
1139.jpg,1,0.780487804878049,0.6530612244897962,0.7759581370138497,0.0,0.1428571428571428,0.5668146951958022,0.16317206124431038
1140.jpg,1,0.8048780487804876,0.693877551020408,0.7722024267664618,0.0,0.1428571428571428,0.6104158255954788,0.2014060383738041
1141.jpg,1,0.8536585365853657,0.6666666666666665,0.7919952184850216,0.0,0.1428571428571428,0.5849818328623337,0.20132866363580604
1142.jpg,1,0.8292682926829267,0.6598639455782318,0.7580054758535697,0.0,0.2857142857142857,0.3569410000576738,0.1611767540521143
1143.jpg,1,0.9268292682926829,0.6326530612244903,0.7255847734196545,0.0,0.5714285714285714,0.13641868829595927,0.15684478531673562
1144.jpg,1,0.8780487804878048,0.8027210884353742,0.8338985559202929,0.0,0.2857142857142857,0.3048776012038026,0.17901405575678808
1145.jpg,1,0.9268292682926829,0.7755102040816326,0.7902305347629399,0.0,0.4285714285714286,0.28175578962821657,0.22229682853406985
1146.jpg,1,0.9268292682926829,0.7551020408163267,0.8048732457099024,0.0,0.4285714285714286,0.2685433258707386,0.2043536450855683
1147.jpg,1,0.9024390243902438,0.7551020408163267,0.8430548051980185,1.0,0.4285714285714286,0.27184644181010764,0.18129430999250218
1148.jpg,1,0.8780487804878048,0.7278911564625852,0.8117950488919581,1.0,0.7142857142857142,0.2454215142951517,0.22411926444671337
1149.jpg,1,0.8780487804878048,0.7755102040816326,0.8409182586950652,0.0,0.4285714285714286,0.28836202150695556,0.2249707151131659
1150.jpg,1,0.8048780487804876,0.7346938775510208,0.8196442139790276,0.0,0.1428571428571428,0.6394832458619302,0.20389695393225793
1151.jpg,1,0.8780487804878048,0.6666666666666665,0.7660506131242073,0.0,0.2857142857142857,0.5740815502624148,0.20706735052620218
1152.jpg,1,0.9024390243902438,0.6666666666666665,0.7660506131242073,0.0,0.1428571428571428,0.5813484053290274,0.21268940497927247
1153.jpg,1,0.8536585365853657,0.7006802721088436,0.7672906126451284,0.0,0.1428571428571428,0.6213161081953977,0.2593970470837448
1154.jpg,1,0.9268292682926829,0.7346938775510208,0.8196442139790276,0.0,0.1428571428571428,0.6576503835284617,0.1839156030664384
1155.jpg,1,0.8048780487804876,0.7619047619047623,0.825395603035155,0.0,0.1428571428571428,0.6721840936616879,0.24550620841245774
1156.jpg,1,0.9268292682926829,0.693877551020408,0.785098309401624,0.0,0.2857142857142857,0.6140492531287851,0.20106366413564558
1157.jpg,1,0.9024390243902438,0.7074829931972793,0.7623932238222428,0.0,0.1428571428571428,0.6104158255954788,0.1586804479729409
1158.jpg,1,0.9024390243902438,0.7482993197278911,0.7970368557712928,0.0,0.2857142857142857,0.4503719937712676,0.2257286301563326
1159.jpg,1,0.9268292682926829,0.7210884353741496,0.7654618263261219,0.0,0.4285714285714286,0.2322090505376737,0.2125744765750639
1160.jpg,1,0.8780487804878048,0.6734693877551021,0.7481657224464868,0.0,0.1428571428571428,0.5813484053290274,0.15275500252325003
1161.jpg,1,0.9512195121951219,0.7346938775510208,0.7429466579853807,0.0,0.4285714285714286,0.2454215142951517,0.20782358061546802
1162.jpg,1,0.9024390243902438,0.7414965986394555,0.7636490352227332,0.0,0.4285714285714286,0.2553308621132606,0.2218459894491147
1163.jpg,1,0.8536585365853657,0.7278911564625852,0.8245966633792019,0.0,0.2857142857142857,0.6431166733952365,0.23307757814671248
1164.jpg,1,0.8780487804878048,0.7210884353741496,0.7911025417266337,1.0,0.2857142857142857,0.6358498183286239,0.21995308346086517
1165.jpg,1,0.9268292682926829,0.7959183673469385,0.8388001837757115,1.0,0.5714285714285714,0.3081807171431725,0.22787308159536934
1166.jpg,1,0.9268292682926829,0.7551020408163267,0.8303276187019799,1.0,0.4285714285714286,0.2751495577494776,0.24184827201185755
1167.jpg,1,0.9268292682926829,0.768707482993197,0.7950972908651184,1.0,0.4285714285714286,0.2751495577494776,0.20459894954860403
1168.jpg,1,0.9024390243902438,0.7142857142857149,0.7575101968434113,0.0,0.5714285714285714,0.2289059345983051,0.19691341622134217
1169.jpg,1,0.8780487804878048,0.7482993197278911,0.7970368557712928,1.0,0.2857142857142857,0.2553308621132606,0.2254125905820743
1170.jpg,1,0.975609756097561,0.7823129251700682,0.8233387012619584,0.0,0.4285714285714286,0.29496825338569455,0.21824880272999536
1171.jpg,1,0.9512195121951219,0.7823129251700682,0.760070606541766,1.0,0.1428571428571428,0.2982713693250636,0.2397830880734304
1172.jpg,1,0.8780487804878048,0.7142857142857149,0.7575101968434113,0.0,0.5714285714285714,0.2256028186589356,0.21807349701337841
1173.jpg,1,0.9512195121951219,0.768707482993197,0.7570264025639242,0.0,0.2857142857142857,0.28175578962821657,0.2564414084237683
1174.jpg,1,0.9512195121951219,0.7482993197278911,0.7970368557712928,1.0,0.4285714285714286,0.27184644181010764,0.2783633702136399
1175.jpg,1,0.8048780487804876,0.7142857142857149,0.7575101968434113,0.0,0.1428571428571428,0.6322163907953176,0.29415299930415273
1176.jpg,1,0.8292682926829267,0.6598639455782318,0.7060392781724136,0.0,0.1428571428571428,0.5668146951958022,0.16020241360877918
1177.jpg,1,0.8292682926829267,0.7210884353741496,0.7782821840263776,0.0,0.1428571428571428,0.6358498183286239,0.15794885709061646
1178.jpg,1,0.7073170731707319,0.7210884353741496,0.7911025417266337,0.0,0.1428571428571428,0.6322163907953176,0.20439743749733452
1179.jpg,1,0.780487804878049,0.7482993197278911,0.7970368557712928,0.0,0.1428571428571428,0.6576503835284617,0.19831239378572718
1180.jpg,1,0.780487804878049,0.7482993197278911,0.8097825680118675,0.0,0.1428571428571428,0.6685506661283815,0.2003990541506795
1181.jpg,1,0.7317073170731709,0.7074829931972793,0.8138252608811247,0.0,0.1428571428571428,0.6176826806620923,0.20397145914296289
1182.jpg,1,0.7073170731707319,0.7278911564625852,0.7989934344047147,0.0,0.2857142857142857,0.6467501009285437,0.2088998109906015
1183.jpg,1,0.7317073170731709,0.7619047619047623,0.7999781739806564,0.0,0.1428571428571428,0.6830843762616077,0.23398746560873462
1184.jpg,1,0.7317073170731709,0.6870748299319733,0.8029585362370466,0.0,0.1428571428571428,0.599515542995559,0.16911651780628034
1185.jpg,1,0.7073170731707319,0.7006802721088436,0.7801675307470028,0.0,0.1428571428571428,0.6140492531287851,0.21853175391945712
1186.jpg,1,0.75609756097561,0.7346938775510208,0.8196442139790276,0.0,0.1428571428571428,0.6503835284618491,0.19204197824463165
1187.jpg,1,0.8292682926829267,0.7210884353741496,0.7782821840263776,0.0,0.1428571428571428,0.6358498183286239,0.23574249051549856
1188.jpg,1,0.75609756097561,0.7006802721088436,0.8059213669507526,0.0,0.1428571428571428,0.6176826806620923,0.24126625584496963
1189.jpg,1,0.75609756097561,0.7278911564625852,0.7989934344047147,0.0,0.1428571428571428,0.6467501009285437,0.24062317751520368
1190.jpg,1,0.75609756097561,0.6870748299319733,0.8029585362370466,0.0,0.1428571428571428,0.5958821154622536,0.19057760970824944
1191.jpg,1,0.8292682926829267,0.7006802721088436,0.7930444488488777,0.0,0.1428571428571428,0.6140492531287851,0.203365938778866
1192.jpg,1,0.7073170731707319,0.7006802721088436,0.8059213669507526,0.0,0.1428571428571428,0.6104158255954788,0.1899406799228487
1193.jpg,1,0.7073170731707319,0.693877551020408,0.8237859573071091,0.0,0.1428571428571428,0.6067823980621725,0.1719351613375295
1194.jpg,1,0.7073170731707319,0.7210884353741496,0.803922899426889,0.0,0.1428571428571428,0.6358498183286239,0.2353214788381237
1195.jpg,1,0.7073170731707319,0.693877551020408,0.785098309401624,0.0,0.1428571428571428,0.6104158255954788,0.20705553912858932
1196.jpg,1,0.8536585365853657,0.6598639455782318,0.7580054758535697,0.0,0.1428571428571428,0.5777149777957211,0.20622146931174967
1197.jpg,1,0.8048780487804876,0.6666666666666665,0.8179398238458351,0.0,0.1428571428571428,0.5849818328623337,0.14388021022113406
1198.jpg,1,0.8048780487804876,0.6122448979591835,0.7403977387082303,0.0,0.1428571428571428,0.5086798546628994,0.11282332731047973
1199.jpg,1,0.7073170731707319,0.7210884353741496,0.7911025417266337,0.0,0.2857142857142857,0.6322163907953176,0.22195180464368036
1200.jpg,1,0.7317073170731709,0.7278911564625852,0.8245966633792019,0.0,0.2857142857142857,0.6431166733952365,0.20958050864940247
901.jpg,1,0.75609756097561,0.6326530612244903,0.843206771603942,0.0,0.5714285714285714,0.5486475575292697,0.23385957750615205
902.jpg,1,0.780487804878049,0.6462585034013606,0.8200246582051869,0.0,0.4285714285714286,0.563181267662495,0.3012863088808686
903.jpg,1,0.7073170731707319,0.6462585034013606,0.8200246582051869,0.0,0.4285714285714286,0.5559144125958824,0.2770440107933325
904.jpg,1,0.6829268292682928,0.6258503401360547,0.8744827754393585,0.0,0.5714285714285714,0.5450141299959634,0.1651148160742153
905.jpg,1,0.780487804878049,0.7210884353741496,0.9064857610289354,1.0,0.4285714285714286,0.6540169559951563,0.2735463685160724
906.jpg,1,0.6585365853658538,0.6462585034013606,0.885175731934909,1.0,0.5714285714285714,0.5668146951958022,0.21554088424457518
907.jpg,1,0.780487804878049,0.6530612244897962,0.8800449638700125,0.0,0.2857142857142857,0.563181267662495,0.2339494023865214
908.jpg,1,0.780487804878049,0.6054421768707487,0.7848078615945253,1.0,0.1428571428571428,0.752884431506704,0.32089955986919705
909.jpg,1,0.7317073170731709,0.6326530612244903,0.803999438875846,1.0,0.4285714285714286,0.5559144125958824,0.23484492925618383
910.jpg,1,0.7073170731707319,0.7006802721088436,0.8316752031545014,0.0,0.1428571428571428,0.6140492531287851,0.26968497006456005
911.jpg,1,0.7073170731707319,0.7210884353741496,0.8808450456284236,0.0,0.2857142857142857,0.6431166733952365,0.25570136729967174
912.jpg,1,0.6585365853658538,0.7551020408163267,0.9066907376782121,1.0,0.2857142857142857,0.6939846588615266,0.33961290217177975
913.jpg,1,0.7073170731707319,0.7959183673469385,0.9018859496926765,0.0,0.2857142857142857,0.7194186515946717,0.27052004525872775
914.jpg,1,0.6585365853658538,0.7891156462585038,0.9321634760187694,0.0,0.2857142857142857,0.712151796528059,0.2744387911879471
915.jpg,1,0.7317073170731709,0.7346938775510208,0.8579929919758507,0.0,0.4285714285714286,0.6540169559951563,0.303086898323329
916.jpg,1,0.7073170731707319,0.6326530612244903,0.803999438875846,0.0,0.2857142857142857,0.5450141299959634,0.2943961673501363
917.jpg,1,0.7317073170731709,0.6870748299319733,0.9062777611252439,0.0,0.1428571428571428,0.6104158255954788,0.2259016669658891
918.jpg,1,0.7317073170731709,0.6190476190476191,0.8534194600690443,0.0,0.5714285714285714,0.5377472749293508,0.22217977488071483
919.jpg,1,0.8048780487804876,0.6462585034013606,0.8460850876970758,0.0,0.4285714285714286,0.5704481227291076,0.2632234897601151
920.jpg,1,0.6829268292682928,0.6326530612244903,0.8824141043320375,0.0,0.2857142857142857,0.5486475575292697,0.2295919382029865
921.jpg,1,0.6829268292682928,0.6258503401360547,0.887571421641562,0.0,0.2857142857142857,0.5377472749293508,0.18318386393590913
922.jpg,1,0.6829268292682928,0.7074829931972793,0.9038313257341688,1.0,0.5714285714285714,0.6249495357287049,0.2356724096648648
923.jpg,1,0.75609756097561,0.6666666666666665,0.8698290345674633,1.0,0.4285714285714286,0.599515542995559,0.2835158173901249
924.jpg,1,0.7317073170731709,0.693877551020408,0.9011612531180782,0.0,0.5714285714285714,0.6140492531287851,0.2734087505570031
925.jpg,1,0.6829268292682928,0.5986394557823131,0.8820210483648379,0.0,0.1428571428571428,1.0,0.2594269794283548
926.jpg,1,0.6585365853658538,0.5918367346938775,0.8740294036582577,0.0,0.0,0.971740008074284,0.1898489703172146
927.jpg,1,0.8292682926829267,0.5782312925170072,0.9373359571263786,0.0,0.1428571428571428,0.9757771497779579,0.16488104197863152
928.jpg,1,0.7073170731707319,0.5374149659863945,0.8626112137163218,0.0,0.1428571428571428,0.923294307630198,0.15419065101523444
929.jpg,1,0.780487804878049,0.6190476190476191,0.905852420004821,1.0,0.2857142857142857,0.5377472749293508,0.17463774606537186
930.jpg,1,0.8048780487804876,0.6054421768707487,0.8899886941383661,1.0,0.4285714285714286,0.5232135647961247,0.14873032351770377
931.jpg,1,0.7073170731707319,0.6190476190476191,0.8534194600690443,1.0,0.2857142857142857,0.5413807024626562,0.23165058061269406
932.jpg,1,0.8292682926829267,0.5918367346938775,0.847654993088153,0.0,0.1428571428571428,0.733761128699828,0.20314257409716419
933.jpg,1,0.7317073170731709,0.6054421768707487,0.8899886941383661,1.0,0.4285714285714286,0.5304804198627382,0.2106360050074514
934.jpg,1,0.75609756097561,0.6258503401360547,0.9006600678437668,1.0,0.4285714285714286,0.5559144125958824,0.22688452653395075
935.jpg,1,0.7073170731707319,0.5782312925170072,0.8712007282043639,1.0,0.0,0.96770286637061,0.1799347757965748
936.jpg,1,0.6341463414634148,0.6122448979591835,0.8979324489200691,0.0,0.4285714285714286,0.526846992329431,0.2009284686452233
937.jpg,1,0.7073170731707319,0.5918367346938775,0.9004038142283624,0.0,0.5714285714285714,0.5123132821962049,0.14353678158373384
938.jpg,1,0.6829268292682928,0.564625850340136,0.8285535260388959,0.0,0.0,0.959628582963262,0.18362373868707493
939.jpg,1,0.7317073170731709,0.5578231292517004,0.8337073723238415,0.0,0.4285714285714286,0.47234557932983545,0.07373894277003501
940.jpg,1,0.75609756097561,0.5714285714285716,0.7969211609551912,0.0,0.2857142857142857,0.4832458619297535,0.15327276494979714
941.jpg,1,0.780487804878049,0.4489795918367352,0.7957880534833359,0.0,0.2857142857142857,0.8223657650383531,0.0
942.jpg,1,0.75609756097561,0.6122448979591835,0.8454208788494557,1.0,0.2857142857142857,0.526846992329431,0.11035283218164693
943.jpg,1,0.8292682926829267,0.5714285714285716,0.8101682173988745,0.0,0.4285714285714286,0.4796124343964481,0.10574016898202387
944.jpg,1,0.780487804878049,0.5918367346938775,0.8080933772329968,0.0,0.2857142857142857,0.5123132821962049,0.13436434832315314
945.jpg,1,0.8048780487804876,0.5850340136054419,0.8263923649588611,0.0,0.4285714285714286,0.5086798546628994,0.15433193060871275
946.jpg,1,0.780487804878049,0.5850340136054419,0.8660136514261669,0.0,0.4285714285714286,0.4977795720629796,0.1136064717104901
947.jpg,1,0.7317073170731709,0.5578231292517004,0.8602818922305935,0.0,0.5714285714285714,0.47234557932983545,0.11533683567225239
948.jpg,1,0.7073170731707319,0.5374149659863945,0.782523064546127,0.0,0.2857142857142857,0.4469115865966895,0.10509862804111236
949.jpg,1,0.7073170731707319,0.5170068027210886,0.7979151973498926,1.0,0.0,0.8909971740008071,0.11463444391635136
950.jpg,1,0.7073170731707319,0.5306122448979589,0.827743319764616,0.0,0.2857142857142857,0.6610925780337,0.06886415157617165
951.jpg,1,0.780487804878049,0.6054421768707487,0.876841090070386,0.0,0.4285714285714286,0.5195801372628184,0.11684865010413148
952.jpg,1,0.780487804878049,0.510204081632653,0.8299372142082362,0.0,0.1428571428571428,0.8909971740008071,0.11221847886180569
953.jpg,1,0.780487804878049,0.6258503401360547,0.8744827754393585,1.0,0.5714285714285714,0.5450141299959634,0.14478389393072888
954.jpg,1,0.75609756097561,0.5918367346938775,0.88721660894331,1.0,0.4285714285714286,0.5086798546628994,0.11790441576290078
955.jpg,1,0.8048780487804876,0.5986394557823131,0.8688536734636738,1.0,0.4285714285714286,0.5086798546628994,0.1047564554787499
956.jpg,1,0.75609756097561,0.5034013605442182,0.8351565204907994,0.0,0.2857142857142857,0.8829228905934601,0.0676786118147561
957.jpg,1,0.780487804878049,0.5918367346938775,0.9135910195134143,1.0,0.1428571428571428,0.9919257165926529,0.07591224115629558
958.jpg,1,0.780487804878049,0.5714285714285716,0.8631564431736081,1.0,0.4285714285714286,0.4832458619297535,0.07893697805443622
959.jpg,1,0.75609756097561,0.5986394557823131,0.8688536734636738,1.0,0.2857142857142857,0.7452351103839545,0.13356834109345783
960.jpg,1,0.75609756097561,0.5442176870748301,0.8307344237497984,0.0,0.0,0.923294307630198,0.13101050161564842
961.jpg,1,0.7073170731707319,0.5850340136054419,0.8660136514261669,0.0,0.4285714285714286,0.7261118075770785,0.153693263839493
962.jpg,1,0.7317073170731709,0.5510204081632657,0.8787992438677446,0.0,0.4285714285714286,0.46507872426322194,0.10539403638283318
963.jpg,1,0.6829268292682928,0.5306122448979589,0.827743319764616,0.0,0.1428571428571428,0.9111828825191761,0.11783234495419492
964.jpg,1,0.75609756097561,0.564625850340136,0.8418206537802213,0.0,0.4285714285714286,0.4759790068631409,0.05931156244160718
965.jpg,1,0.8780487804878048,0.6462585034013606,0.8460850876970758,1.0,0.5714285714285714,0.563181267662495,0.16634695339892147
966.jpg,1,0.8292682926829267,0.6802721088435377,0.9243433641476075,1.0,0.1428571428571428,0.599515542995559,0.12299488862999652
967.jpg,1,0.8048780487804876,0.5918367346938775,0.847654993088153,0.0,0.2857142857142857,0.5086798546628994,0.06371066488982535
968.jpg,1,0.8292682926829267,0.5986394557823131,0.855686298562508,0.0,0.2857142857142857,0.5123132821962049,0.05880820625418437
969.jpg,1,0.8536585365853657,0.6666666666666665,0.8957736399282767,0.0,0.4285714285714286,0.5849818328623337,0.10905346542693906
970.jpg,1,0.8780487804878048,0.6870748299319733,0.8675330517921696,0.0,0.2857142857142857,0.6067823980621725,0.162627459091361
971.jpg,1,0.780487804878049,0.7006802721088436,0.8703059574601255,1.0,0.2857142857142857,0.6104158255954788,0.14672524758681504
972.jpg,1,0.75609756097561,0.6666666666666665,0.8438844292066494,0.0,0.5714285714285714,0.5849818328623337,0.17389895192791727
973.jpg,1,0.8536585365853657,0.6122448979591835,0.8322929863318027,1.0,0.4285714285714286,0.5341138473960436,0.12836138980859602
974.jpg,1,0.8780487804878048,0.5374149659863945,0.782523064546127,0.0,0.2857142857142857,0.4396447315300769,0.0037341525779908125
975.jpg,1,0.8292682926829267,0.6054421768707487,0.8373982778664462,1.0,0.2857142857142857,0.5232135647961247,0.08773040875819049
976.jpg,1,0.8780487804878048,0.6734693877551021,0.8647437383983685,1.0,0.4285714285714286,0.5813484053290274,0.11917849762331656
977.jpg,1,0.8536585365853657,0.6802721088435377,0.8596734652607934,0.0,0.5714285714285714,0.5922486879289464,0.14862060061710736
978.jpg,1,0.8536585365853657,0.6190476190476191,0.8534194600690443,1.0,0.4285714285714286,0.5413807024626562,0.1369941302628206
979.jpg,1,0.8780487804878048,0.6802721088435377,0.8338055057060672,1.0,0.4285714285714286,0.599515542995559,0.14680034681499166
980.jpg,1,0.8292682926829267,0.7006802721088436,0.8831828755619999,1.0,0.2857142857142857,0.6140492531287851,0.12990930479685403
981.jpg,1,0.8292682926829267,0.6870748299319733,0.854618148681145,1.0,0.2857142857142857,0.6067823980621725,0.12604428027182024
982.jpg,1,0.780487804878049,0.6530612244897962,0.8410124037989513,1.0,0.4285714285714286,0.563181267662495,0.14998134998518964
983.jpg,1,0.8292682926829267,0.6326530612244903,0.843206771603942,1.0,0.4285714285714286,0.5486475575292697,0.1509127297162678
984.jpg,1,0.7317073170731709,0.6666666666666665,0.8438844292066494,0.0,0.4285714285714286,0.5777149777957211,0.18038574172110344
985.jpg,1,0.8292682926829267,0.6054421768707487,0.876841090070386,1.0,0.2857142857142857,0.5159467097295121,0.03569797856674484
986.jpg,1,0.8292682926829267,0.6530612244897962,0.8670341105129924,0.0,0.5714285714285714,0.563181267662495,0.14779015614197277
987.jpg,1,0.8780487804878048,0.6462585034013606,0.85911530244302,1.0,0.4285714285714286,0.563181267662495,0.11102163764507367
988.jpg,1,0.8292682926829267,0.5918367346938775,0.7817189666628921,1.0,0.2857142857142857,0.5050464271295922,0.13863569316478674
989.jpg,1,0.8292682926829267,0.5986394557823131,0.8293515487601786,0.0,0.5714285714285714,0.5195801372628184,0.11866988900483477
990.jpg,1,0.8536585365853657,0.6734693877551021,0.8647437383983685,0.0,0.2857142857142857,0.599515542995559,0.15522868801469514
991.jpg,1,0.8780487804878048,0.7210884353741496,0.8936654033286797,0.0,0.5714285714285714,0.6467501009285437,0.15911677689953763
992.jpg,1,0.8780487804878048,0.693877551020408,0.83668183994227,1.0,0.2857142857142857,0.6140492531287851,0.18304910283988107
993.jpg,1,0.7317073170731709,0.6598639455782318,0.8359547723753029,0.0,0.5714285714285714,0.5777149777957211,0.17365989081355337
994.jpg,1,0.8780487804878048,0.6258503401360547,0.7959508982261321,1.0,0.2857142857142857,0.5450141299959634,0.13423004273729333
995.jpg,1,0.8536585365853657,0.6870748299319733,0.8804479549031949,0.0,0.2857142857142857,0.6067823980621725,0.1982776378685358
996.jpg,1,0.8048780487804876,0.6870748299319733,0.854618148681145,1.0,0.2857142857142857,0.6104158255954788,0.15582847741217876
997.jpg,1,0.8048780487804876,0.5986394557823131,0.7898494240566829,1.0,0.2857142857142857,0.5159467097295121,0.14782144310764522
998.jpg,1,0.9024390243902438,0.7142857142857149,0.8602234438730272,1.0,0.2857142857142857,0.6322163907953176,0.19006915428600024
999.jpg,1,0.9268292682926829,0.7414965986394555,0.8657633711909507,0.0,0.4285714285714286,0.6612838110617689,0.2247836466882518
